name,code,geography
England,E92000001,CTRY21
North East,E12000001,RGN21
North West,E12000002,RGN21
Yorkshire and The Humber,E12000003,RGN21
East Midlands,E12000004,RGN21
West Midlands,E12000005,RGN21
East of England,E12000006,RGN21
London,E12000007,RGN21
South East,E12000008,RGN21
South West,E12000009,RGN21
Hartlepool,E06000001,LAD21
Middlesbrough,E06000002,LAD21
Redcar and Cleveland,E06000003,LAD21
Stockton-on-Tees,E06000004,LAD21
Darlington,E06000005,LAD21
Halton,E06000006,LAD21
Warrington,E06000007,LAD21
Blackburn with Darwen,E06000008,LAD21
Blackpool,E06000009,LAD21
"Kingston upon Hull, City of",E06000010,LAD21
East Riding of Yorkshire,E06000011,LAD21
North East Lincolnshire,E06000012,LAD21
North Lincolnshire,E06000013,LAD21
York,E06000014,LAD21
Derby,E06000015,LAD21
Leicester,E06000016,LAD21
Rutland,E06000017,LAD21
Nottingham,E06000018,LAD21
"Herefordshire, County of",E06000019,LAD21
Telford and Wrekin,E06000020,LAD21
Stoke-on-Trent,E06000021,LAD21
Bath and North East Somerset,E06000022,LAD21
"Bristol, City of",E06000023,LAD21
North Somerset,E06000024,LAD21
South Gloucestershire,E06000025,LAD21
Plymouth,E06000026,LAD21
Torbay,E06000027,LAD21
Swindon,E06000030,LAD21
Peterborough,E06000031,LAD21
Luton,E06000032,LAD21
Southend-on-Sea,E06000033,LAD21
Thurrock,E06000034,LAD21
Medway,E06000035,LAD21
Bracknell Forest,E06000036,LAD21
West Berkshire,E06000037,LAD21
Reading,E06000038,LAD21
Slough,E06000039,LAD21
Windsor and Maidenhead,E06000040,LAD21
Wokingham,E06000041,LAD21
Milton Keynes,E06000042,LAD21
Brighton and Hove,E06000043,LAD21
Portsmouth,E06000044,LAD21
Southampton,E06000045,LAD21
Isle of Wight,E06000046,LAD21
County Durham,E06000047,LAD21
Cheshire East,E06000049,LAD21
Cheshire West and Chester,E06000050,LAD21
Shropshire,E06000051,LAD21
Cornwall,E06000052,LAD21
Isles of Scilly,E06000053,LAD21
Wiltshire,E06000054,LAD21
Bedford,E06000055,LAD21
Central Bedfordshire,E06000056,LAD21
Northumberland,E06000057,LAD21
"Bournemouth, Christchurch and Poole",E06000058,LAD21
Dorset,E06000059,LAD21
Buckinghamshire,E06000060,LAD21
North Northamptonshire,E06000061,LAD21
West Northamptonshire,E06000062,LAD21
Cambridge,E07000008,LAD21
East Cambridgeshire,E07000009,LAD21
Fenland,E07000010,LAD21
Huntingdonshire,E07000011,LAD21
South Cambridgeshire,E07000012,LAD21
Allerdale,E07000026,LAD21
Barrow-in-Furness,E07000027,LAD21
Carlisle,E07000028,LAD21
Copeland,E07000029,LAD21
Eden,E07000030,LAD21
South Lakeland,E07000031,LAD21
Amber Valley,E07000032,LAD21
Bolsover,E07000033,LAD21
Chesterfield,E07000034,LAD21
Derbyshire Dales,E07000035,LAD21
Erewash,E07000036,LAD21
High Peak,E07000037,LAD21
North East Derbyshire,E07000038,LAD21
South Derbyshire,E07000039,LAD21
East Devon,E07000040,LAD21
Exeter,E07000041,LAD21
Mid Devon,E07000042,LAD21
North Devon,E07000043,LAD21
South Hams,E07000044,LAD21
Teignbridge,E07000045,LAD21
Torridge,E07000046,LAD21
West Devon,E07000047,LAD21
Eastbourne,E07000061,LAD21
Hastings,E07000062,LAD21
Lewes,E07000063,LAD21
Rother,E07000064,LAD21
Wealden,E07000065,LAD21
Basildon,E07000066,LAD21
Braintree,E07000067,LAD21
Brentwood,E07000068,LAD21
Castle Point,E07000069,LAD21
Chelmsford,E07000070,LAD21
Colchester,E07000071,LAD21
Epping Forest,E07000072,LAD21
Harlow,E07000073,LAD21
Maldon,E07000074,LAD21
Rochford,E07000075,LAD21
Tendring,E07000076,LAD21
Uttlesford,E07000077,LAD21
Cheltenham,E07000078,LAD21
Cotswold,E07000079,LAD21
Forest of Dean,E07000080,LAD21
Gloucester,E07000081,LAD21
Stroud,E07000082,LAD21
Tewkesbury,E07000083,LAD21
Basingstoke and Deane,E07000084,LAD21
East Hampshire,E07000085,LAD21
Eastleigh,E07000086,LAD21
Fareham,E07000087,LAD21
Gosport,E07000088,LAD21
Hart,E07000089,LAD21
Havant,E07000090,LAD21
New Forest,E07000091,LAD21
Rushmoor,E07000092,LAD21
Test Valley,E07000093,LAD21
Winchester,E07000094,LAD21
Broxbourne,E07000095,LAD21
Dacorum,E07000096,LAD21
Hertsmere,E07000098,LAD21
North Hertfordshire,E07000099,LAD21
Three Rivers,E07000102,LAD21
Watford,E07000103,LAD21
Ashford,E07000105,LAD21
Canterbury,E07000106,LAD21
Dartford,E07000107,LAD21
Dover,E07000108,LAD21
Gravesham,E07000109,LAD21
Maidstone,E07000110,LAD21
Sevenoaks,E07000111,LAD21
Folkestone and Hythe,E07000112,LAD21
Swale,E07000113,LAD21
Thanet,E07000114,LAD21
Tonbridge and Malling,E07000115,LAD21
Tunbridge Wells,E07000116,LAD21
Burnley,E07000117,LAD21
Chorley,E07000118,LAD21
Fylde,E07000119,LAD21
Hyndburn,E07000120,LAD21
Lancaster,E07000121,LAD21
Pendle,E07000122,LAD21
Preston,E07000123,LAD21
Ribble Valley,E07000124,LAD21
Rossendale,E07000125,LAD21
South Ribble,E07000126,LAD21
West Lancashire,E07000127,LAD21
Wyre,E07000128,LAD21
Blaby,E07000129,LAD21
Charnwood,E07000130,LAD21
Harborough,E07000131,LAD21
Hinckley and Bosworth,E07000132,LAD21
Melton,E07000133,LAD21
North West Leicestershire,E07000134,LAD21
Oadby and Wigston,E07000135,LAD21
Boston,E07000136,LAD21
East Lindsey,E07000137,LAD21
Lincoln,E07000138,LAD21
North Kesteven,E07000139,LAD21
South Holland,E07000140,LAD21
South Kesteven,E07000141,LAD21
West Lindsey,E07000142,LAD21
Breckland,E07000143,LAD21
Broadland,E07000144,LAD21
Great Yarmouth,E07000145,LAD21
King's Lynn and West Norfolk,E07000146,LAD21
North Norfolk,E07000147,LAD21
Norwich,E07000148,LAD21
South Norfolk,E07000149,LAD21
Craven,E07000163,LAD21
Hambleton,E07000164,LAD21
Harrogate,E07000165,LAD21
Richmondshire,E07000166,LAD21
Ryedale,E07000167,LAD21
Scarborough,E07000168,LAD21
Selby,E07000169,LAD21
Ashfield,E07000170,LAD21
Bassetlaw,E07000171,LAD21
Broxtowe,E07000172,LAD21
Gedling,E07000173,LAD21
Mansfield,E07000174,LAD21
Newark and Sherwood,E07000175,LAD21
Rushcliffe,E07000176,LAD21
Cherwell,E07000177,LAD21
Oxford,E07000178,LAD21
South Oxfordshire,E07000179,LAD21
Vale of White Horse,E07000180,LAD21
West Oxfordshire,E07000181,LAD21
Mendip,E07000187,LAD21
Sedgemoor,E07000188,LAD21
South Somerset,E07000189,LAD21
Cannock Chase,E07000192,LAD21
East Staffordshire,E07000193,LAD21
Lichfield,E07000194,LAD21
Newcastle-under-Lyme,E07000195,LAD21
South Staffordshire,E07000196,LAD21
Stafford,E07000197,LAD21
Staffordshire Moorlands,E07000198,LAD21
Tamworth,E07000199,LAD21
Babergh,E07000200,LAD21
Ipswich,E07000202,LAD21
Mid Suffolk,E07000203,LAD21
Elmbridge,E07000207,LAD21
Epsom and Ewell,E07000208,LAD21
Guildford,E07000209,LAD21
Mole Valley,E07000210,LAD21
Reigate and Banstead,E07000211,LAD21
Runnymede,E07000212,LAD21
Spelthorne,E07000213,LAD21
Surrey Heath,E07000214,LAD21
Tandridge,E07000215,LAD21
Waverley,E07000216,LAD21
Woking,E07000217,LAD21
North Warwickshire,E07000218,LAD21
Nuneaton and Bedworth,E07000219,LAD21
Rugby,E07000220,LAD21
Stratford-on-Avon,E07000221,LAD21
Warwick,E07000222,LAD21
Adur,E07000223,LAD21
Arun,E07000224,LAD21
Chichester,E07000225,LAD21
Crawley,E07000226,LAD21
Horsham,E07000227,LAD21
Mid Sussex,E07000228,LAD21
Worthing,E07000229,LAD21
Bromsgrove,E07000234,LAD21
Malvern Hills,E07000235,LAD21
Redditch,E07000236,LAD21
Worcester,E07000237,LAD21
Wychavon,E07000238,LAD21
Wyre Forest,E07000239,LAD21
St Albans,E07000240,LAD21
Welwyn Hatfield,E07000241,LAD21
East Hertfordshire,E07000242,LAD21
Stevenage,E07000243,LAD21
East Suffolk,E07000244,LAD21
West Suffolk,E07000245,LAD21
Somerset West and Taunton,E07000246,LAD21
Bolton,E08000001,LAD21
Bury,E08000002,LAD21
Manchester,E08000003,LAD21
Oldham,E08000004,LAD21
Rochdale,E08000005,LAD21
Salford,E08000006,LAD21
Stockport,E08000007,LAD21
Tameside,E08000008,LAD21
Trafford,E08000009,LAD21
Wigan,E08000010,LAD21
Knowsley,E08000011,LAD21
Liverpool,E08000012,LAD21
St. Helens,E08000013,LAD21
Sefton,E08000014,LAD21
Wirral,E08000015,LAD21
Barnsley,E08000016,LAD21
Doncaster,E08000017,LAD21
Rotherham,E08000018,LAD21
Sheffield,E08000019,LAD21
Newcastle upon Tyne,E08000021,LAD21
North Tyneside,E08000022,LAD21
South Tyneside,E08000023,LAD21
Sunderland,E08000024,LAD21
Birmingham,E08000025,LAD21
Coventry,E08000026,LAD21
Dudley,E08000027,LAD21
Sandwell,E08000028,LAD21
Solihull,E08000029,LAD21
Walsall,E08000030,LAD21
Wolverhampton,E08000031,LAD21
Bradford,E08000032,LAD21
Calderdale,E08000033,LAD21
Kirklees,E08000034,LAD21
Leeds,E08000035,LAD21
Wakefield,E08000036,LAD21
Gateshead,E08000037,LAD21
City of London,E09000001,LAD21
Barking and Dagenham,E09000002,LAD21
Barnet,E09000003,LAD21
Bexley,E09000004,LAD21
Brent,E09000005,LAD21
Bromley,E09000006,LAD21
Camden,E09000007,LAD21
Croydon,E09000008,LAD21
Ealing,E09000009,LAD21
Enfield,E09000010,LAD21
Greenwich,E09000011,LAD21
Hackney,E09000012,LAD21
Hammersmith and Fulham,E09000013,LAD21
Haringey,E09000014,LAD21
Harrow,E09000015,LAD21
Havering,E09000016,LAD21
Hillingdon,E09000017,LAD21
Hounslow,E09000018,LAD21
Islington,E09000019,LAD21
Kensington and Chelsea,E09000020,LAD21
Kingston upon Thames,E09000021,LAD21
Lambeth,E09000022,LAD21
Lewisham,E09000023,LAD21
Merton,E09000024,LAD21
Newham,E09000025,LAD21
Redbridge,E09000026,LAD21
Richmond upon Thames,E09000027,LAD21
Southwark,E09000028,LAD21
Sutton,E09000029,LAD21
Tower Hamlets,E09000030,LAD21
Waltham Forest,E09000031,LAD21
Wandsworth,E09000032,LAD21
Westminster,E09000033,LAD21
Tees Valley and Durham,TLC1,ITL221
"Northumberland, and Tyne and Wear",TLC2,ITL221
Cumbria,TLD1,ITL221
Greater Manchester,TLD3,ITL221
Lancashire,TLD4,ITL221
Cheshire,TLD6,ITL221
Merseyside,TLD7,ITL221
East Yorkshire and Northern Lincolnshire,TLE1,ITL221
North Yorkshire,TLE2,ITL221
South Yorkshire,TLE3,ITL221
West Yorkshire,TLE4,ITL221
Derbyshire and Nottinghamshire,TLF1,ITL221
"Leicestershire, Rutland and Northamptonshire",TLF2,ITL221
Lincolnshire,TLF3,ITL221
"Herefordshire, Worcestershire and Warwickshire",TLG1,ITL221
Shropshire and Staffordshire,TLG2,ITL221
West Midlands,TLG3,ITL221
East Anglia,TLH1,ITL221
Bedfordshire and Hertfordshire,TLH2,ITL221
Essex,TLH3,ITL221
Inner London - West,TLI3,ITL221
Inner London - East,TLI4,ITL221
Outer London - East and North East,TLI5,ITL221
Outer London - South,TLI6,ITL221
Outer London - West and North West,TLI7,ITL221
"Berkshire, Buckinghamshire and Oxfordshire",TLJ1,ITL221
"Surrey, East and West Sussex",TLJ2,ITL221
Hampshire and Isle of Wight,TLJ3,ITL221
Kent,TLJ4,ITL221
"Gloucestershire, Wiltshire and Bath/Bristol area",TLK1,ITL221
Dorset and Somerset,TLK2,ITL221
Cornwall and Isles of Scilly,TLK3,ITL221
Devon,TLK4,ITL221
